사용월,호선명,역ID,지하철역,유임승차,유임하차,무임승차,무임하차,작업일시
2020-06,1호선,1,서울역,"962,135","917,054","160,905","150,846",2020-07-03 13:43:17
2020-06,1호선,10,동묘앞,"125,164","134,811","129,724","131,047",2020-07-03 13:43:17
2020-06,1호선,2,시청,"455,263","465,147","58,702","57,219",2020-07-03 13:43:17
2020-06,1호선,3,종각,"835,492","825,294","115,712","109,134",2020-07-03 13:43:17
2020-06,1호선,4,종로3가,"433,145","402,591","261,677","247,574",2020-07-03 13:43:17
2020-06,1호선,5,종로5가,"356,925","369,491","229,801","220,667",2020-07-03 13:43:17
2020-06,1호선,6,동대문,"212,214","217,623","109,322","113,803",2020-07-03 13:43:17
2020-06,1호선,7,신설동,"280,240","280,182","102,803","98,654",2020-07-03 13:43:17
2020-06,1호선,8,제기동,"218,651","213,342","220,491","236,612",2020-07-03 13:43:17
2020-06,1호선,9,청량리(서울시립대입구),"323,865","317,602","236,846","242,198",2020-07-03 13:43:17
2020-06,2호선,11,시청,"520,606","519,312","43,006","38,882",2020-07-03 13:43:17
2020-06,2호선,12,을지로입구,"905,600","933,870","83,375","77,980",2020-07-03 13:43:17
2020-06,2호선,13,을지로3가,"458,922","461,201","62,808","61,583",2020-07-03 13:43:17
2020-06,2호선,14,을지로4가,"242,386","242,290","79,488","76,136",2020-07-03 13:43:17
2020-06,2호선,15,동대문역사문화공원(DDP),"277,899","313,701","46,213","49,048",2020-07-03 13:43:17
2020-06,2호선,16,신당,"283,832","288,493","80,489","82,566",2020-07-03 13:43:17
2020-06,2호선,17,상왕십리,"307,527","292,562","53,288","53,122",2020-07-03 13:43:17
2020-06,2호선,18,왕십리(성동구청),"386,395","316,966","43,344","37,577",2020-07-03 13:43:17
2020-06,2호선,19,한양대,"195,259","217,739","11,211","11,675",2020-07-03 13:43:17
2020-06,2호선,20,뚝섬,"457,254","496,868","48,167","48,972",2020-07-03 13:43:17
2020-06,2호선,21,성수,"718,304","803,656","85,688","87,557",2020-07-03 13:43:17
2020-06,2호선,22,건대입구,"846,340","933,529","74,933","77,529",2020-07-03 13:43:17
2020-06,2호선,23,구의(광진구청),"536,408","516,253","86,469","88,953",2020-07-03 13:43:17
2020-06,2호선,24,강변(동서울터미널),"789,827","783,015","102,389","99,457",2020-07-03 13:43:17
2020-06,2호선,25,잠실나루,"303,303","292,111","67,784","68,127",2020-07-03 13:43:17
2020-06,2호선,26,잠실(송파구청),"1,579,737","1,563,463","146,216","140,007",2020-07-03 13:43:17
2020-06,2호선,27,잠실새내,"460,898","470,877","82,757","83,190",2020-07-03 13:43:17
2020-06,2호선,28,종합운동장,"155,387","169,265","29,182","30,777",2020-07-03 13:43:17
2020-06,2호선,29,삼성(무역센터),"1,243,867","1,288,854","96,266","88,767",2020-07-03 13:43:17
2020-06,2호선,30,선릉,"1,234,922","1,105,411","186,073","164,916",2020-07-03 13:43:17
2020-06,2호선,31,역삼,"1,088,672","1,224,860","130,358","132,087",2020-07-03 13:43:17
2020-06,2호선,32,강남,"2,098,288","2,132,736","148,919","131,690",2020-07-03 13:43:17
2020-06,2호선,33,교대(법원.검찰청),"753,977","853,245","131,580","146,756",2020-07-03 13:43:17
2020-06,2호선,34,서초,"503,796","497,950","70,716","73,285",2020-07-03 13:43:17
2020-06,2호선,35,방배,"383,999","398,979","60,243","58,883",2020-07-03 13:43:17
2020-06,2호선,36,사당,"853,153","960,393","147,229","142,626",2020-07-03 13:43:17
2020-06,2호선,37,낙성대(강감찬),"652,253","616,163","85,864","87,538",2020-07-03 13:43:17
2020-06,2호선,38,서울대입구(관악구청),"1,135,234","1,105,164","153,383","147,165",2020-07-03 13:43:17
2020-06,2호선,39,봉천,"527,240","470,628","117,511","118,855",2020-07-03 13:43:17
2020-06,2호선,40,신림,"1,525,991","1,455,894","180,446","182,128",2020-07-03 13:43:17
2020-06,2호선,41,신대방,"607,666","575,024","100,153","101,718",2020-07-03 13:43:17
2020-06,2호선,42,구로디지털단지,"1,430,337","1,426,084","134,273","135,380",2020-07-03 13:43:17
2020-06,2호선,43,대림(구로구청),"578,830","585,369","90,664","94,668",2020-07-03 13:43:17
2020-06,2호선,44,신도림,"1,177,977","1,169,808","156,023","147,766",2020-07-03 13:43:17
2020-06,2호선,45,문래,"470,798","488,802","63,020","62,375",2020-07-03 13:43:17
2020-06,2호선,46,영등포구청,"493,841","504,158","83,256","82,074",2020-07-03 13:43:17
2020-06,2호선,47,당산,"458,645","531,737","50,567","55,292",2020-07-03 13:43:17
2020-06,2호선,48,합정,"753,075","803,409","57,040","55,879",2020-07-03 13:43:17
2020-06,2호선,49,홍대입구,"1,244,424","1,329,820","77,807","75,037",2020-07-03 13:43:17
2020-06,2호선,50,신촌,"759,225","797,383","101,799","99,054",2020-07-03 13:43:17
2020-06,2호선,51,이대,"269,998","280,049","40,214","40,922",2020-07-03 13:43:17
2020-06,2호선,52,아현,"209,811","196,321","52,159","51,452",2020-07-03 13:43:17
2020-06,2호선,53,충정로(경기대입구),"217,845","232,664","38,963","39,087",2020-07-03 13:43:17
2020-06,2호선,54,용답,"52,687","51,344","15,176","14,244",2020-07-03 13:43:17
2020-06,2호선,55,신답,"32,524","36,729","8,511","9,039",2020-07-03 13:43:17
2020-06,2호선,56,신설동,"62,913","59,226","27,473","28,892",2020-07-03 13:43:17
2020-06,2호선,57,도림천,"26,872","27,970","5,623","5,825",2020-07-03 13:43:17
2020-06,2호선,58,양천구청,"136,923","143,031","35,672","36,423",2020-07-03 13:43:17
2020-06,2호선,59,신정네거리,"194,688","201,317","54,985","56,713",2020-07-03 13:43:17
2020-06,2호선,60,용두(동대문구청),"39,255","40,219","19,300","20,650",2020-07-03 13:43:17
2020-06,3호선,61,지축,"75,934","71,363","14,066","15,149",2020-07-03 13:43:17
2020-06,3호선,62,구파발,"464,592","439,290","95,849","91,149",2020-07-03 13:43:17
2020-06,3호선,63,연신내,"815,800","758,646","219,526","212,559",2020-07-03 13:43:17
2020-06,3호선,64,불광,"328,054","352,248","110,844","123,222",2020-07-03 13:43:17
2020-06,3호선,65,녹번,"311,668","269,955","58,720","57,880",2020-07-03 13:43:17
2020-06,3호선,66,홍제,"349,083","323,957","117,145","115,229",2020-07-03 13:43:17
2020-06,3호선,67,무악재,"77,234","77,295","23,643","25,618",2020-07-03 13:43:17
2020-06,3호선,68,독립문,"131,086","139,520","58,679","58,098",2020-07-03 13:43:17
2020-06,3호선,69,경복궁(정부서울청사),"412,382","415,133","61,029","57,636",2020-07-03 13:43:17
2020-06,3호선,70,안국,"430,078","452,628","59,372","60,180",2020-07-03 13:43:17
2020-06,3호선,71,종로3가,"200,586","248,654","47,365","52,876",2020-07-03 13:43:17
2020-06,3호선,72,을지로3가,"216,518","234,938","45,756","44,563",2020-07-03 13:43:17
2020-06,3호선,73,충무로,21,0,2,0,2020-07-03 13:43:17
2020-06,3호선,74,동대입구,"167,866","177,757","27,143","29,443",2020-07-03 13:43:17
2020-06,3호선,75,약수,"277,126","272,552","67,049","64,226",2020-07-03 13:43:17
2020-06,3호선,76,금호,"174,813","157,780","42,790","42,541",2020-07-03 13:43:17
2020-06,3호선,77,옥수,"196,952","204,957","47,892","47,777",2020-07-03 13:43:17
2020-06,3호선,78,압구정,"699,458","763,224","105,563","102,940",2020-07-03 13:43:17
2020-06,3호선,79,신사,"717,614","786,689","60,805","58,409",2020-07-03 13:43:17
2020-06,3호선,80,잠원,"125,204","121,161","29,649","28,755",2020-07-03 13:43:17
2020-06,3호선,81,고속터미널,"1,019,337","1,007,840","134,121","128,490",2020-07-03 13:43:17
2020-06,3호선,82,교대(법원.검찰청),"305,740","205,334","56,609","34,638",2020-07-03 13:43:17
2020-06,3호선,83,남부터미널(예술의전당),"664,047","684,795","93,295","93,831",2020-07-03 13:43:17
2020-06,3호선,84,양재(서초구청),"861,336","943,860","120,433","121,997",2020-07-03 13:43:17
2020-06,3호선,85,매봉,"249,257","241,371","47,164","42,718",2020-07-03 13:43:17
2020-06,3호선,86,도곡,"118,837","121,848","20,570","18,009",2020-07-03 13:43:17
2020-06,3호선,87,대치,"231,668","227,339","47,490","45,546",2020-07-03 13:43:17
2020-06,3호선,88,학여울,"46,237","48,794","13,374","13,004",2020-07-03 13:43:17
2020-06,3호선,89,대청,"208,316","188,357","47,727","45,545",2020-07-03 13:43:17
2020-06,3호선,90,일원,"189,530","184,163","47,087","46,789",2020-07-03 13:43:17
2020-06,3호선,91,수서,"358,520","363,223","85,585","84,929",2020-07-03 13:43:17
2020-06,3호선,92,가락시장,"177,620","174,979","63,130","61,521",2020-07-03 13:43:17
2020-06,3호선,93,경찰병원,"160,624","159,155","34,523","35,151",2020-07-03 13:43:17
2020-06,3호선,94,오금,"142,948","126,125","23,488","22,513",2020-07-03 13:43:17
2020-06,4호선,100,수유(강북구청),"754,235","740,129","164,441","163,678",2020-07-03 13:43:17
2020-06,4호선,101,미아(서울사이버대학),"320,805","297,927","94,756","96,002",2020-07-03 13:43:17
2020-06,4호선,102,미아사거리,"610,113","585,770","154,978","154,057",2020-07-03 13:43:17
2020-06,4호선,103,길음,"450,230","428,481","91,275","91,510",2020-07-03 13:43:17
2020-06,4호선,104,성신여대입구(돈암),"466,344","446,067","71,847","69,263",2020-07-03 13:43:17
2020-06,4호선,105,한성대입구(삼선교),"303,741","296,454","59,746","59,157",2020-07-03 13:43:17
2020-06,4호선,106,혜화,"691,152","716,560","104,921","103,323",2020-07-03 13:43:17
2020-06,4호선,107,동대문,"406,982","420,656","138,458","130,311",2020-07-03 13:43:17
2020-06,4호선,108,동대문역사문화공원(DDP),"345,575","325,682","47,487","42,462",2020-07-03 13:43:17
2020-06,4호선,109,충무로,"566,986","594,721","99,663","100,496",2020-07-03 13:43:17
2020-06,4호선,110,명동,"416,642","445,870","45,828","46,795",2020-07-03 13:43:17
2020-06,4호선,111,회현(남대문시장),"451,178","489,167","157,835","158,731",2020-07-03 13:43:17
2020-06,4호선,112,서울역,"255,435","379,118","31,947","36,992",2020-07-03 13:43:17
2020-06,4호선,113,숙대입구(갈월),"303,855","299,522","43,404","40,416",2020-07-03 13:43:17
2020-06,4호선,114,삼각지,"98,071","109,938","20,438","21,244",2020-07-03 13:43:17
2020-06,4호선,115,신용산,"348,747","367,957","41,121","41,018",2020-07-03 13:43:17
2020-06,4호선,116,이촌(국립중앙박물관),"142,096","166,420","33,374","36,824",2020-07-03 13:43:17
2020-06,4호선,117,동작(현충원),"50,003","53,662","21,721","22,229",2020-07-03 13:43:17
2020-06,4호선,118,총신대입구(이수),"394,111","437,930","121,099","126,903",2020-07-03 13:43:17
2020-06,4호선,119,사당,"594,660","509,183","69,634","67,990",2020-07-03 13:43:17
2020-06,4호선,120,남태령,"22,638","18,711","7,035","6,627",2020-07-03 13:43:17
2020-06,4호선,95,당고개,"256,464","229,779","77,124","76,002",2020-07-03 13:43:17
2020-06,4호선,96,상계,"416,604","372,714","97,295","95,534",2020-07-03 13:43:17
2020-06,4호선,97,노원,"448,642","519,863","74,241","73,581",2020-07-03 13:43:17
2020-06,4호선,98,창동,"548,153","583,869","165,123","171,341",2020-07-03 13:43:17
2020-06,4호선,99,쌍문,"668,636","586,058","133,164","130,649",2020-07-03 13:43:17
2020-06,경부선,121,서울역,"128,591","32,963","8,084","1,672",2020-07-03 13:43:17
2020-06,경부선,122,남영,"230,644","241,597","30,458","32,175",2020-07-03 13:43:17
2020-06,경부선,123,용산,"759,070","773,930","98,647","97,230",2020-07-03 13:43:17
2020-06,경부선,124,노량진,"217,326","209,356","26,086","23,770",2020-07-03 13:43:17
2020-06,경부선,125,대방,"289,530","294,621","53,072","52,889",2020-07-03 13:43:17
2020-06,경부선,126,영등포,"867,721","911,128","181,852","180,954",2020-07-03 13:43:17
2020-06,경부선,127,신도림,"86,262","85,449","21,117","22,712",2020-07-03 13:43:17
2020-06,경부선,151,신길,"212,075","174,990","36,019","33,155",2020-07-03 13:43:17
2020-06,경부선,249,구로,"393,210","403,579","73,396","70,979",2020-07-03 13:43:17
2020-06,경부선,250,가산디지털단지,"412,567","481,451","27,931","31,382",2020-07-03 13:43:17
2020-06,경부선,251,금천구청,"238,207","233,585","62,068","63,525",2020-07-03 13:43:17
2020-06,경부선,252,석수,"229,585","201,740","39,725","38,463",2020-07-03 13:43:17
2020-06,경부선,253,관악,"156,038","143,382","41,482","39,282",2020-07-03 13:43:17
2020-06,경부선,254,안양,"509,381","501,679","87,433","91,332",2020-07-03 13:43:17
2020-06,경부선,255,명학,"196,656","195,130","35,323","34,410",2020-07-03 13:43:17
2020-06,경부선,256,금정,"581,364","594,067","87,367","88,817",2020-07-03 13:43:17
2020-06,경부선,257,군포,"156,922","153,823","29,565","28,774",2020-07-03 13:43:17
2020-06,경부선,258,의왕,"193,865","191,880","34,822","34,848",2020-07-03 13:43:17
2020-06,경부선,259,성균관대,"318,568","313,354","40,770","41,334",2020-07-03 13:43:17
2020-06,경부선,260,화서,"160,711","155,559","32,609","32,061",2020-07-03 13:43:17
2020-06,경부선,261,수원,"864,116","916,619","109,192","115,603",2020-07-03 13:43:17
2020-06,경부선,262,독산,"359,888","377,394","52,288","53,652",2020-07-03 13:43:17
2020-06,경부선,263,세류,"70,144","65,115","12,572","12,504",2020-07-03 13:43:17
2020-06,경부선,264,병점,"312,169","312,087","45,543","45,109",2020-07-03 13:43:17
2020-06,경부선,265,세마,"54,798","49,739","11,904","11,002",2020-07-03 13:43:17
2020-06,경부선,266,오산대,"70,562","65,176","12,125","11,629",2020-07-03 13:43:17
2020-06,경부선,267,오산,"215,543","212,118","34,689","35,831",2020-07-03 13:43:17
2020-06,경부선,268,진위,"32,846","28,713","6,440","6,055",2020-07-03 13:43:17
2020-06,경부선,269,송탄,"97,758","91,670","17,873","17,601",2020-07-03 13:43:17
2020-06,경부선,270,서정리,"150,227","146,765","22,431","21,795",2020-07-03 13:43:17
2020-06,경부선,271,지제,"58,601","54,121","6,973","6,468",2020-07-03 13:43:17
2020-06,경부선,272,평택,"270,125","269,009","51,101","50,123",2020-07-03 13:43:17
2020-06,경부선,273,성환,"75,335","75,218","17,879","18,030",2020-07-03 13:43:17
2020-06,경부선,274,직산,"16,232","16,504","3,685","3,590",2020-07-03 13:43:17
2020-06,경부선,275,두정,"111,412","113,152","15,900","16,033",2020-07-03 13:43:17
2020-06,경부선,276,천안,"108,025","110,155","38,318","39,069",2020-07-03 13:43:17
2020-06,경부선,277,당정,"137,736","131,375","22,654","22,211",2020-07-03 13:43:17
2020-06,경부선,278,서동탄,"34,087","28,388","7,431","7,199",2020-07-03 13:43:17
2020-06,경부선,279,광명,"73,341","59,715","6,394","5,915",2020-07-03 13:43:17
2020-06,경인선,293,개봉,"444,091","444,044","119,862","125,242",2020-07-03 13:43:17
2020-06,경인선,294,오류동,"239,392","222,090","71,201","70,129",2020-07-03 13:43:17
2020-06,경인선,295,역곡,"589,413","578,438","120,489","123,459",2020-07-03 13:43:17
2020-06,경인선,296,부천,"709,638","713,335","157,717","160,131",2020-07-03 13:43:17
2020-06,경인선,297,송내,"626,615","623,134","94,101","93,528",2020-07-03 13:43:17
2020-06,경인선,298,부평,"677,248","735,719","108,007","109,734",2020-07-03 13:43:17
2020-06,경인선,299,백운,"143,099","139,348","46,288","47,200",2020-07-03 13:43:17
2020-06,경인선,300,동암,"336,978","336,640","74,793","75,205",2020-07-03 13:43:17
2020-06,경인선,301,주안,"438,673","399,691","68,075","61,196",2020-07-03 13:43:17
2020-06,경인선,302,제물포,"221,578","205,350","47,510","47,296",2020-07-03 13:43:17
2020-06,경인선,303,동인천,"278,718","265,563","90,955","88,251",2020-07-03 13:43:17
2020-06,경인선,304,인천,"56,773","40,153","24,911","23,247",2020-07-03 13:43:17
2020-06,경인선,305,구일,"134,002","136,250","33,090","33,138",2020-07-03 13:43:17
2020-06,경인선,306,소사,"200,363","188,321","54,245","52,680",2020-07-03 13:43:17
2020-06,경인선,307,부개,"170,239","158,405","48,882","47,764",2020-07-03 13:43:17
2020-06,경인선,308,간석,"117,124","110,740","34,038","32,658",2020-07-03 13:43:17
2020-06,경인선,309,도원,"61,513","61,674","25,185","26,760",2020-07-03 13:43:17
2020-06,경인선,310,온수(성공회대입구),"138,754","134,604","37,611","37,367",2020-07-03 13:43:17
2020-06,경인선,311,중동,"184,194","170,105","51,985","51,185",2020-07-03 13:43:17
2020-06,경인선,312,도화,"67,844","59,812","28,152","27,277",2020-07-03 13:43:17
2020-06,경원선,128,이촌(국립중앙박물관),"80,303","59,426","21,851","18,428",2020-07-03 13:43:17
2020-06,경원선,129,서빙고,"36,504","33,542","12,468","11,472",2020-07-03 13:43:17
2020-06,경원선,130,한남,"86,004","82,059","24,104","22,636",2020-07-03 13:43:17
2020-06,경원선,131,옥수,"1,267",804,103,71,2020-07-03 13:43:17
2020-06,경원선,132,응봉,"34,990","28,780","13,810","12,551",2020-07-03 13:43:17
2020-06,경원선,133,왕십리(성동구청),"323,696","368,371","48,711","53,174",2020-07-03 13:43:17
2020-06,경원선,134,청량리(서울시립대입구),"270,552","295,122","120,246","126,456",2020-07-03 13:43:17
2020-06,경원선,136,외대앞,"159,211","153,763","39,465","39,311",2020-07-03 13:43:17
2020-06,경원선,137,신이문,"176,571","156,002","56,692","55,563",2020-07-03 13:43:17
2020-06,경원선,138,석계,"179,512","204,845","52,486","56,335",2020-07-03 13:43:17
2020-06,경원선,139,광운대,"179,807","170,968","44,680","43,873",2020-07-03 13:43:17
2020-06,경원선,140,월계,"121,332","110,098","49,895","47,842",2020-07-03 13:43:17
2020-06,경원선,141,녹천,"93,381","74,667","31,625","28,954",2020-07-03 13:43:17
2020-06,경원선,142,창동,12,0,1,0,2020-07-03 13:43:17
2020-06,경원선,353,방학,"164,399","159,347","88,830","88,671",2020-07-03 13:43:17
2020-06,경원선,354,도봉,"100,422","92,136","58,198","58,384",2020-07-03 13:43:17
2020-06,경원선,355,도봉산,"137,982","73,292","98,584","78,082",2020-07-03 13:43:17
2020-06,경원선,356,망월사,"152,930","154,888","56,571","58,171",2020-07-03 13:43:17
2020-06,경원선,357,회룡,"214,766","208,125","115,203","115,186",2020-07-03 13:43:17
2020-06,경원선,358,의정부,"408,505","430,223","89,848","91,134",2020-07-03 13:43:17
2020-06,경원선,359,가능,"129,295","121,195","47,710","46,897",2020-07-03 13:43:17
2020-06,경원선,360,녹양,"93,749","88,149","29,661","28,588",2020-07-03 13:43:17
2020-06,경원선,361,양주,"162,808","150,024","48,193","47,581",2020-07-03 13:43:17
2020-06,경원선,362,덕계,"54,016","46,312","15,248","14,859",2020-07-03 13:43:17
2020-06,경원선,363,덕정,"134,057","129,355","31,613","31,837",2020-07-03 13:43:17
2020-06,경원선,364,지행,"143,143","142,335","36,009","35,687",2020-07-03 13:43:17
2020-06,경원선,365,동두천중앙,"57,423","54,004","30,619","30,980",2020-07-03 13:43:17
2020-06,경원선,366,보산,"34,606","31,653","11,540","10,972",2020-07-03 13:43:17
2020-06,경원선,367,동두천,"38,611","43,677","17,833","24,153",2020-07-03 13:43:17
2020-06,경원선,368,소요산,"34,804","27,232","65,262","57,317",2020-07-03 13:43:17
2020-06,안산선,280,산본,"348,811","374,710","77,385","78,227",2020-07-03 13:43:17
2020-06,안산선,281,대야미,"109,404","96,680","25,728","24,540",2020-07-03 13:43:17
2020-06,안산선,282,반월,"93,641","87,734","24,013","23,894",2020-07-03 13:43:17
2020-06,안산선,283,상록수,"410,219","398,839","63,540","64,583",2020-07-03 13:43:17
2020-06,안산선,284,한대앞,"170,829","167,915","30,179","30,259",2020-07-03 13:43:17
2020-06,안산선,285,중앙,"377,387","399,406","42,381","41,613",2020-07-03 13:43:17
2020-06,안산선,286,고잔,"179,868","176,863","27,823","26,751",2020-07-03 13:43:17
2020-06,안산선,287,초지,"97,124","98,041","11,621","11,862",2020-07-03 13:43:17
2020-06,안산선,288,안산,"287,217","260,402","30,529","27,825",2020-07-03 13:43:17
2020-06,안산선,289,신길온천,"34,260","30,411","8,254","7,951",2020-07-03 13:43:17
2020-06,안산선,290,정왕,"183,771","193,831","19,094","20,812",2020-07-03 13:43:17
2020-06,안산선,291,오이도,"206,969","200,699","31,636","31,162",2020-07-03 13:43:17
2020-06,안산선,292,수리산,"85,440","66,059","26,535","25,208",2020-07-03 13:43:17
2020-06,과천선,230,선바위,"197,497","170,026","26,795","26,254",2020-07-03 13:43:17
2020-06,과천선,231,경마공원,"23,652","23,367","7,682","7,480",2020-07-03 13:43:17
2020-06,과천선,232,대공원,"35,824","40,488","35,634","36,864",2020-07-03 13:43:17
2020-06,과천선,233,과천,"104,281","92,177","27,888","26,726",2020-07-03 13:43:17
2020-06,과천선,234,정부과천청사,"195,998","194,808","37,039","36,201",2020-07-03 13:43:17
2020-06,과천선,235,인덕원,"534,323","542,334","82,232","84,497",2020-07-03 13:43:17
2020-06,과천선,236,평촌,"393,115","387,911","50,382","50,736",2020-07-03 13:43:17
2020-06,과천선,237,범계,"588,735","578,489","82,641","80,501",2020-07-03 13:43:17
2020-06,분당선,143,선릉,"286,641","460,947","34,475","46,626",2020-07-03 13:43:17
2020-06,분당선,144,한티,"296,806","314,198","52,416","53,384",2020-07-03 13:43:17
2020-06,분당선,145,도곡,"132,748","135,142","33,305","32,390",2020-07-03 13:43:17
2020-06,분당선,146,구룡,"32,613","31,527","10,291","9,986",2020-07-03 13:43:17
2020-06,분당선,147,개포동,"70,307","74,291","17,429","18,052",2020-07-03 13:43:17
2020-06,분당선,148,대모산입구,"66,043","59,798","22,878","22,644",2020-07-03 13:43:17
2020-06,분당선,149,수서,"311,364","318,041","51,801","52,885",2020-07-03 13:43:17
2020-06,분당선,150,복정,15,0,1,0,2020-07-03 13:43:17
2020-06,분당선,313,수원,"182,462","127,211","21,236","13,304",2020-07-03 13:43:17
2020-06,분당선,314,서울숲,"219,763","223,398","21,850","21,283",2020-07-03 13:43:17
2020-06,분당선,315,압구정로데오,"401,077","469,477","36,347","35,046",2020-07-03 13:43:17
2020-06,분당선,316,강남구청,"204,888","240,579","31,093","33,622",2020-07-03 13:43:17
2020-06,분당선,317,선정릉,"174,879","190,236","22,272","21,410",2020-07-03 13:43:17
2020-06,분당선,318,가천대,"155,890","178,340","20,647","21,918",2020-07-03 13:43:17
2020-06,분당선,319,태평,"282,305","265,379","72,838","75,113",2020-07-03 13:43:17
2020-06,분당선,320,모란,"407,245","402,771","132,255","145,870",2020-07-03 13:43:17
2020-06,분당선,321,야탑,"540,418","572,627","113,860","114,156",2020-07-03 13:43:17
2020-06,분당선,322,서현,"545,237","564,030","93,559","91,243",2020-07-03 13:43:17
2020-06,분당선,323,수내,"268,522","270,214","57,663","55,955",2020-07-03 13:43:17
2020-06,분당선,324,정자,"370,898","400,089","52,044","52,687",2020-07-03 13:43:17
2020-06,분당선,325,미금,"321,261","341,113","83,452","89,132",2020-07-03 13:43:17
2020-06,분당선,326,오리,"239,291","203,318","59,551","51,379",2020-07-03 13:43:17
2020-06,분당선,327,이매,"114,440","105,097","32,082","30,898",2020-07-03 13:43:17
2020-06,분당선,328,보정,"47,673","38,356","16,241","15,497",2020-07-03 13:43:17
2020-06,분당선,329,죽전,"295,062","325,712","53,561","57,399",2020-07-03 13:43:17
2020-06,분당선,330,구성,"97,963","100,329","27,408","27,493",2020-07-03 13:43:17
2020-06,분당선,331,신갈,"92,492","89,779","20,980","21,398",2020-07-03 13:43:17
2020-06,분당선,332,기흥,"212,422","199,259","33,356","32,946",2020-07-03 13:43:17
2020-06,분당선,333,상갈,"113,148","107,478","23,836","22,822",2020-07-03 13:43:17
2020-06,분당선,334,청명,"90,200","85,137","14,362","14,549",2020-07-03 13:43:17
2020-06,분당선,335,영통,"185,118","191,163","21,553","22,020",2020-07-03 13:43:17
2020-06,분당선,336,망포,"305,786","289,423","27,563","26,322",2020-07-03 13:43:17
2020-06,분당선,337,매탄권선,"99,360","93,829","13,460","12,934",2020-07-03 13:43:17
2020-06,분당선,338,수원시청,"255,739","287,061","29,173","29,374",2020-07-03 13:43:17
2020-06,분당선,339,매교,"50,416","49,997","12,364","12,721",2020-07-03 13:43:17
2020-06,일산선,369,원흥,"192,382","178,867","45,405","43,934",2020-07-03 13:43:17
2020-06,일산선,371,삼송,"391,314","374,376","78,368","77,907",2020-07-03 13:43:17
2020-06,일산선,372,원당,"227,831","212,956","69,797","69,257",2020-07-03 13:43:17
2020-06,일산선,373,화정,"352,898","363,569","101,244","103,320",2020-07-03 13:43:17
2020-06,일산선,374,대곡,"37,457","27,005","11,991","11,294",2020-07-03 13:43:17
2020-06,일산선,375,백석,"203,709","205,768","62,866","61,689",2020-07-03 13:43:17
2020-06,일산선,376,마두,"139,649","144,428","55,394","56,439",2020-07-03 13:43:17
2020-06,일산선,377,정발산,"151,197","162,222","42,588","40,518",2020-07-03 13:43:17
2020-06,일산선,378,주엽,"160,472","160,403","68,651","71,241",2020-07-03 13:43:17
2020-06,일산선,379,대화,"285,778","218,000","68,513","62,935",2020-07-03 13:43:17
2020-06,중앙선,135,회기,"526,445","505,605","103,754","102,207",2020-07-03 13:43:17
2020-06,중앙선,152,중랑,"106,238","100,221","41,855","41,456",2020-07-03 13:43:17
2020-06,중앙선,153,상봉(시외버스터미널),"128,792","125,430","34,250","32,928",2020-07-03 13:43:17
2020-06,중앙선,154,망우,"145,728","139,701","56,788","57,958",2020-07-03 13:43:17
2020-06,중앙선,155,양원,"31,508","32,774","13,276","13,379",2020-07-03 13:43:17
2020-06,중앙선,156,구리,"288,392","291,853","69,220","70,211",2020-07-03 13:43:17
2020-06,중앙선,157,도농,"211,654","186,575","49,503","48,251",2020-07-03 13:43:17
2020-06,중앙선,158,양정,"15,479","13,206","8,039","7,433",2020-07-03 13:43:17
2020-06,중앙선,159,덕소,"116,092","115,813","39,957","40,271",2020-07-03 13:43:17
2020-06,중앙선,160,도심,"52,836","39,182","16,306","15,089",2020-07-03 13:43:17
2020-06,중앙선,161,팔당,"23,073","23,076","7,829","7,778",2020-07-03 13:43:17
2020-06,중앙선,162,운길산,"19,271","18,577","12,195","12,280",2020-07-03 13:43:17
2020-06,중앙선,163,양수,"37,065","36,995","20,024","20,350",2020-07-03 13:43:17
2020-06,중앙선,164,신원,"3,572","2,770","3,293","2,723",2020-07-03 13:43:17
2020-06,중앙선,165,국수,"12,910","12,265","8,035","8,181",2020-07-03 13:43:17
2020-06,중앙선,166,아신,"11,329","10,986","4,924","4,884",2020-07-03 13:43:17
2020-06,중앙선,167,오빈,"4,645","4,626","3,401","3,444",2020-07-03 13:43:17
2020-06,중앙선,168,양평,"51,694","51,578","26,772","27,199",2020-07-03 13:43:17
2020-06,중앙선,169,원덕,"5,107","4,772","5,472","5,210",2020-07-03 13:43:17
2020-06,중앙선,170,용문,"28,481","29,010","33,155","33,511",2020-07-03 13:43:17
2020-06,중앙선,171,지평,937,621,820,783,2020-07-03 13:43:17
2020-06,장항선,224,봉명,"21,456","20,490","8,932","8,565",2020-07-03 13:43:17
2020-06,장항선,225,쌍용(나사렛대),"44,004","40,748","10,349","9,754",2020-07-03 13:43:17
2020-06,장항선,226,아산,"63,981","57,831","8,603","8,241",2020-07-03 13:43:17
2020-06,장항선,227,배방,"20,662","20,015","5,193","5,237",2020-07-03 13:43:17
2020-06,장항선,228,온양온천,"62,448","63,267","33,694","34,779",2020-07-03 13:43:17
2020-06,장항선,229,신창(순천향대),"34,834","34,115","5,952","5,641",2020-07-03 13:43:17
2020-06,경의선,172,서울역,"89,312","110,766","12,174","15,512",2020-07-03 13:43:17
2020-06,경의선,173,신촌,"16,004","21,245","3,342","3,634",2020-07-03 13:43:17
2020-06,경의선,174,효창공원앞,"58,965","67,062","12,378","13,391",2020-07-03 13:43:17
2020-06,경의선,175,공덕,"76,548","68,122","11,007","10,866",2020-07-03 13:43:17
2020-06,경의선,176,서강대,"44,898","43,590","8,990","8,578",2020-07-03 13:43:17
2020-06,경의선,177,홍대입구,"39,769","44,535","4,090","4,488",2020-07-03 13:43:17
2020-06,경의선,178,가좌,"101,344","91,191","36,967","36,681",2020-07-03 13:43:17
2020-06,경의선,179,디지털미디어시티,"52,699","49,913","8,612","8,920",2020-07-03 13:43:17
2020-06,경의선,180,수색,"46,912","49,281","11,192","11,187",2020-07-03 13:43:17
2020-06,경의선,181,화전,"41,597","38,286","8,350","8,212",2020-07-03 13:43:17
2020-06,경의선,182,강매,"61,831","51,638","14,593","14,039",2020-07-03 13:43:17
2020-06,경의선,183,행신,"174,180","170,038","27,830","28,493",2020-07-03 13:43:17
2020-06,경의선,184,능곡,"72,636","64,443","25,626","25,322",2020-07-03 13:43:17
2020-06,경의선,185,곡산,"10,572","11,250","4,280","4,297",2020-07-03 13:43:17
2020-06,경의선,186,백마,"148,291","138,829","26,815","26,877",2020-07-03 13:43:17
2020-06,경의선,187,풍산,"113,847","105,289","26,797","26,187",2020-07-03 13:43:17
2020-06,경의선,188,일산,"190,971","187,926","49,754","49,710",2020-07-03 13:43:17
2020-06,경의선,189,탄현,"165,337","158,511","31,099","30,402",2020-07-03 13:43:17
2020-06,경의선,190,야당,"128,758","124,525","25,429","24,935",2020-07-03 13:43:17
2020-06,경의선,191,운정,"125,061","117,010","28,207","27,959",2020-07-03 13:43:17
2020-06,경의선,192,금릉,"97,239","95,930","21,481","21,339",2020-07-03 13:43:17
2020-06,경의선,193,금촌,"136,452","134,200","37,823","38,519",2020-07-03 13:43:17
2020-06,경의선,194,월롱,"60,003","55,447","7,384","8,072",2020-07-03 13:43:17
2020-06,경의선,195,파주,"35,014","25,688","7,052","6,194",2020-07-03 13:43:17
2020-06,경의선,196,문산,"107,102","106,075","37,541","37,478",2020-07-03 13:43:17
2020-06,경의선,197,임진강,396,296,380,394,2020-07-03 13:43:17
2020-06,경의선,198,서울역,1,0,0,0,2020-07-03 13:43:17
2020-06,경의선,200,홍대입구,1,0,0,0,2020-07-03 13:43:17
2020-06,경의선,201,디지털미디어시티,1,0,0,0,2020-07-03 13:43:17
2020-06,경의선,202,김포공항,1,0,0,0,2020-07-03 13:43:17
2020-06,경의선,203,계양,7,0,0,0,2020-07-03 13:43:17
2020-06,경의선,204,검암,2,0,0,0,2020-07-03 13:43:17
2020-06,경춘선,205,신내,"25,968","26,617","11,442","11,533",2020-07-03 13:43:17
2020-06,경춘선,206,갈매,"59,868","50,129","15,667","14,953",2020-07-03 13:43:17
2020-06,경춘선,207,별내,"52,959","51,460","16,103","15,750",2020-07-03 13:43:17
2020-06,경춘선,208,퇴계원,"71,979","65,053","22,585","21,610",2020-07-03 13:43:17
2020-06,경춘선,209,사릉,"73,058","68,314","17,207","17,226",2020-07-03 13:43:17
2020-06,경춘선,210,금곡,"26,201","24,372","12,859","12,529",2020-07-03 13:43:17
2020-06,경춘선,211,평내호평,"119,766","117,490","34,758","33,273",2020-07-03 13:43:17
2020-06,경춘선,212,천마산,"26,881","23,851","15,153","15,547",2020-07-03 13:43:17
2020-06,경춘선,213,마석,"71,058","68,858","28,190","28,422",2020-07-03 13:43:17
2020-06,경춘선,214,대성리,"10,846","10,058","5,759","5,103",2020-07-03 13:43:17
2020-06,경춘선,215,청평,"32,455","32,469","15,622","15,999",2020-07-03 13:43:17
2020-06,경춘선,216,상천,"5,217","4,471","4,553","4,486",2020-07-03 13:43:17
2020-06,경춘선,217,가평,"37,648","37,936","13,689","13,547",2020-07-03 13:43:17
2020-06,경춘선,218,굴봉산,"2,318","2,324","2,814","2,933",2020-07-03 13:43:17
2020-06,경춘선,219,백양리,"1,749","1,714","1,931","1,929",2020-07-03 13:43:17
2020-06,경춘선,220,강촌,"10,356","9,683","5,094","5,319",2020-07-03 13:43:17
2020-06,경춘선,221,김유정,"5,714","6,262","3,353","3,434",2020-07-03 13:43:17
2020-06,경춘선,222,남춘천,"45,484","47,311","18,979","19,461",2020-07-03 13:43:17
2020-06,경춘선,223,춘천,"26,966","24,196","14,289","12,459",2020-07-03 13:43:17
2020-06,수인선,340,달월,"1,225",937,847,575,2020-07-03 13:43:17
2020-06,수인선,341,월곶,"48,093","44,472","10,431","10,430",2020-07-03 13:43:17
2020-06,수인선,342,소래포구,"83,932","78,421","45,327","44,304",2020-07-03 13:43:17
2020-06,수인선,343,인천논현,"112,985","119,872","23,660","24,228",2020-07-03 13:43:17
2020-06,수인선,344,호구포,"71,767","72,296","14,465","14,363",2020-07-03 13:43:17
2020-06,수인선,345,남동인더스파크,"46,443","50,575","5,524","5,541",2020-07-03 13:43:17
2020-06,수인선,346,원인재,"83,697","86,164","23,021","23,027",2020-07-03 13:43:17
2020-06,수인선,347,연수,"90,253","92,436","21,822","21,736",2020-07-03 13:43:17
2020-06,수인선,348,송도,"46,787","42,068","17,284","16,836",2020-07-03 13:43:17
2020-06,수인선,349,인하대,"110,791","103,751","19,281","18,528",2020-07-03 13:43:17
2020-06,수인선,350,숭의,"69,834","63,940","21,046","20,291",2020-07-03 13:43:17
2020-06,수인선,351,신포,"33,195","34,686","9,849","10,068",2020-07-03 13:43:17
2020-06,수인선,352,인천,"13,596","26,667","10,054","11,576",2020-07-03 13:43:17
2020-06,경강선,238,판교,"102,132","100,483","10,294","8,662",2020-07-03 13:43:17
2020-06,경강선,239,이매,"23,581","19,368","5,738","5,098",2020-07-03 13:43:17
2020-06,경강선,240,삼동,"49,698","44,288","8,949","8,940",2020-07-03 13:43:17
2020-06,경강선,241,경기광주,"159,211","150,488","22,441","22,770",2020-07-03 13:43:17
2020-06,경강선,242,초월,"61,746","58,888","10,123","10,381",2020-07-03 13:43:17
2020-06,경강선,243,곤지암,"46,667","46,364","9,513","9,899",2020-07-03 13:43:17
2020-06,경강선,244,신둔도예촌,"24,493","22,820","5,345","5,138",2020-07-03 13:43:17
2020-06,경강선,245,이천,"52,982","56,486","10,064","10,846",2020-07-03 13:43:17
2020-06,경강선,246,부발,"41,072","39,407","5,585","5,643",2020-07-03 13:43:17
2020-06,경강선,247,세종대왕릉,"5,104","5,145","2,764","2,746",2020-07-03 13:43:17
2020-06,경강선,248,여주,"43,973","45,068","11,733","11,760",2020-07-03 13:43:17
2020-06,5호선,380,방화,"139,520","132,052","41,619","39,607",2020-07-03 13:43:17
2020-06,5호선,381,개화산,"106,205","99,627","29,363","29,431",2020-07-03 13:43:17
2020-06,5호선,382,김포공항,"151,117","143,352","23,828","26,158",2020-07-03 13:43:17
2020-06,5호선,383,송정,"140,246","129,954","40,917","39,703",2020-07-03 13:43:17
2020-06,5호선,384,마곡,"185,131","175,937","28,455","27,231",2020-07-03 13:43:17
2020-06,5호선,385,발산,"418,059","436,633","68,534","66,123",2020-07-03 13:43:17
2020-06,5호선,386,우장산,"305,727","295,717","69,361","72,810",2020-07-03 13:43:17
2020-06,5호선,387,화곡,"627,770","573,572","116,279","110,657",2020-07-03 13:43:17
2020-06,5호선,388,까치산,"642,893","599,713","126,440","127,732",2020-07-03 13:43:17
2020-06,5호선,389,신정(은행정),"310,203","232,667","48,636","46,816",2020-07-03 13:43:17
2020-06,5호선,390,목동,"375,927","412,770","68,451","69,733",2020-07-03 13:43:17
2020-06,5호선,391,오목교(목동운동장앞),"508,125","556,319","67,796","67,192",2020-07-03 13:43:17
2020-06,5호선,392,양평,"161,421","158,990","24,289","24,274",2020-07-03 13:43:17
2020-06,5호선,393,영등포구청,"83,305","83,898","16,949","16,476",2020-07-03 13:43:17
2020-06,5호선,394,영등포시장,"177,725","185,398","48,347","49,696",2020-07-03 13:43:17
2020-06,5호선,395,신길,"84,472","91,194","9,757","10,085",2020-07-03 13:43:17
2020-06,5호선,396,여의도,"582,939","627,946","42,380","39,072",2020-07-03 13:43:17
2020-06,5호선,397,여의나루,"253,793","258,438","22,929","21,789",2020-07-03 13:43:17
2020-06,5호선,398,마포,"303,727","317,146","50,938","50,224",2020-07-03 13:43:17
2020-06,5호선,399,공덕,"316,596","346,711","35,865","34,092",2020-07-03 13:43:17
2020-06,5호선,400,애오개,"148,800","150,504","29,868","29,137",2020-07-03 13:43:17
2020-06,5호선,401,충정로(경기대입구),"111,757","112,464","12,753","12,864",2020-07-03 13:43:17
2020-06,5호선,402,서대문,"385,502","397,854","53,285","50,058",2020-07-03 13:43:17
2020-06,5호선,403,광화문(세종문화회관),"728,681","777,128","57,917","55,809",2020-07-03 13:43:17
2020-06,5호선,404,종로3가,"245,033","242,266","76,531","82,700",2020-07-03 13:43:17
2020-06,5호선,405,을지로4가,"108,319","113,164","39,025","38,991",2020-07-03 13:43:17
2020-06,5호선,406,동대문역사문화공원(DDP),"59,702","70,142","7,826","8,607",2020-07-03 13:43:17
2020-06,5호선,407,청구,"82,349","77,567","21,865","17,021",2020-07-03 13:43:17
2020-06,5호선,408,신금호,"132,880","131,054","28,856","32,691",2020-07-03 13:43:17
2020-06,5호선,409,행당,"173,339","152,595","40,821","36,421",2020-07-03 13:43:17
2020-06,5호선,410,왕십리(성동구청),"96,524","111,964","19,130","18,449",2020-07-03 13:43:17
2020-06,5호선,411,마장,"113,773","105,505","31,011","30,454",2020-07-03 13:43:17
2020-06,5호선,412,답십리,"348,248","313,566","66,150","64,243",2020-07-03 13:43:17
2020-06,5호선,413,장한평,"390,331","385,264","70,773","71,682",2020-07-03 13:43:17
2020-06,5호선,414,군자(능동),"252,695","281,547","31,941","32,967",2020-07-03 13:43:17
2020-06,5호선,415,아차산(어린이대공원후문),"308,938","300,355","81,187","79,828",2020-07-03 13:43:17
2020-06,5호선,416,광나루(장신대),"292,419","262,989","56,114","54,504",2020-07-03 13:43:17
2020-06,5호선,417,천호(풍납토성),"382,903","402,171","101,611","108,727",2020-07-03 13:43:17
2020-06,5호선,418,강동,"470,626","403,620","88,045","80,427",2020-07-03 13:43:17
2020-06,5호선,419,길동,"144,792","150,639","51,965","53,590",2020-07-03 13:43:17
2020-06,5호선,420,굽은다리(강동구민회관앞),"186,087","174,529","51,276","48,141",2020-07-03 13:43:17
2020-06,5호선,421,명일,"167,920","171,675","47,825","50,045",2020-07-03 13:43:17
2020-06,5호선,422,고덕,"178,049","178,300","43,331","43,554",2020-07-03 13:43:17
2020-06,5호선,423,상일동,"412,634","346,630","78,990","75,081",2020-07-03 13:43:17
2020-06,5호선,424,둔촌동,"167,182","166,632","49,188","50,506",2020-07-03 13:43:17
2020-06,5호선,425,올림픽공원(한국체대),"83,330","69,911","24,594","21,947",2020-07-03 13:43:17
2020-06,5호선,426,방이,"147,160","152,913","35,988","35,147",2020-07-03 13:43:17
2020-06,5호선,427,오금,"83,795","80,937","16,066","15,614",2020-07-03 13:43:17
2020-06,5호선,428,개롱,"131,169","135,135","34,484","35,207",2020-07-03 13:43:17
2020-06,5호선,429,거여,"157,717","147,287","44,104","43,532",2020-07-03 13:43:17
2020-06,5호선,430,마천,"98,828","98,314","41,626","44,184",2020-07-03 13:43:17
2020-06,6호선,431,응암,"363,425","354,042","96,589","94,989",2020-07-03 13:43:17
2020-06,6호선,432,역촌,"70,362","85,319","27,962","26,681",2020-07-03 13:43:17
2020-06,6호선,433,불광,"89,488","96,018","35,490","30,317",2020-07-03 13:43:17
2020-06,6호선,434,독바위,"57,443","58,553","17,319","20,950",2020-07-03 13:43:17
2020-06,6호선,435,연신내,16,0,5,0,2020-07-03 13:43:17
2020-06,6호선,436,구산,"152,848","102,115","38,638","42,202",2020-07-03 13:43:17
2020-06,6호선,437,새절(신사),"269,681","246,863","71,204","71,430",2020-07-03 13:43:17
2020-06,6호선,438,증산(명지대앞),"208,813","199,934","60,465","60,593",2020-07-03 13:43:17
2020-06,6호선,439,디지털미디어시티,"294,563","324,619","43,600","43,856",2020-07-03 13:43:17
2020-06,6호선,440,월드컵경기장(성산),"79,708","87,952","49,631","49,564",2020-07-03 13:43:17
2020-06,6호선,441,마포구청,"300,487","261,700","60,912","55,270",2020-07-03 13:43:17
2020-06,6호선,442,망원,"299,861","334,568","68,275","71,765",2020-07-03 13:43:17
2020-06,6호선,443,합정,"309,180","308,085","30,660","29,303",2020-07-03 13:43:17
2020-06,6호선,444,상수,"194,679","227,162","17,606","17,925",2020-07-03 13:43:17
2020-06,6호선,445,광흥창(서강),"189,831","182,492","36,965","36,191",2020-07-03 13:43:17
2020-06,6호선,446,대흥(서강대앞),"165,473","172,648","37,023","36,719",2020-07-03 13:43:17
2020-06,6호선,447,공덕,"399,013","393,510","61,817","58,072",2020-07-03 13:43:17
2020-06,6호선,448,효창공원앞,"148,780","130,462","31,484","29,466",2020-07-03 13:43:17
2020-06,6호선,449,삼각지,"131,528","113,526","13,515","10,920",2020-07-03 13:43:17
2020-06,6호선,450,녹사평(용산구청),"101,276","99,481","15,446","14,433",2020-07-03 13:43:17
2020-06,6호선,451,이태원,"192,257","198,640","24,344","25,404",2020-07-03 13:43:17
2020-06,6호선,452,한강진,"166,098","199,924","13,454","12,941",2020-07-03 13:43:17
2020-06,6호선,453,버티고개,"46,546","42,336","11,985","13,776",2020-07-03 13:43:17
2020-06,6호선,454,약수,"73,612","75,546","18,123","17,633",2020-07-03 13:43:17
2020-06,6호선,455,청구,"81,462","84,493","16,326","19,428",2020-07-03 13:43:17
2020-06,6호선,456,신당,"173,778","188,019","27,521","26,284",2020-07-03 13:43:17
2020-06,6호선,457,동묘앞,"157,356","164,878","56,928","52,327",2020-07-03 13:43:17
2020-06,6호선,458,창신,"77,432","61,149","15,324","14,270",2020-07-03 13:43:17
2020-06,6호선,459,보문,"165,957","150,417","25,011","24,345",2020-07-03 13:43:17
2020-06,6호선,460,안암(고대병원앞),"248,853","253,182","29,983","28,223",2020-07-03 13:43:17
2020-06,6호선,461,고려대(종암),"178,584","170,639","27,264","27,527",2020-07-03 13:43:17
2020-06,6호선,462,월곡(동덕여대),"236,301","227,585","60,017","59,733",2020-07-03 13:43:17
2020-06,6호선,463,상월곡(한국과학기술연구원),"129,816","110,683","32,673","32,064",2020-07-03 13:43:17
2020-06,6호선,464,돌곶이,"192,402","177,510","52,416","52,161",2020-07-03 13:43:17
2020-06,6호선,465,석계,"269,867","273,986","63,585","63,948",2020-07-03 13:43:17
2020-06,6호선,466,태릉입구,"117,415","132,569","24,083","26,418",2020-07-03 13:43:17
2020-06,6호선,467,화랑대(서울여대입구),"262,801","201,283","37,670","33,334",2020-07-03 13:43:17
2020-06,6호선,468,봉화산(서울의료원),"195,421","174,786","40,665","39,111",2020-07-03 13:43:17
2020-06,6호선,469,신내,4,0,0,0,2020-07-03 13:43:17
2020-06,7호선,470,장암,"56,279","21,486","8,697","5,950",2020-07-03 13:43:17
2020-06,7호선,471,도봉산,"208,089","238,541","40,485","58,881",2020-07-03 13:43:17
2020-06,7호선,472,수락산,"267,391","263,981","77,821","78,381",2020-07-03 13:43:17
2020-06,7호선,473,마들,"245,488","226,744","67,180","66,951",2020-07-03 13:43:17
2020-06,7호선,474,노원,"425,227","458,492","96,289","96,581",2020-07-03 13:43:17
2020-06,7호선,475,중계,"306,061","270,208","73,388","70,678",2020-07-03 13:43:17
2020-06,7호선,476,하계,"385,261","358,377","83,875","80,706",2020-07-03 13:43:17
2020-06,7호선,477,공릉(서울과학기술대),"257,556","256,498","56,741","57,617",2020-07-03 13:43:17
2020-06,7호선,478,태릉입구,"186,791","175,111","36,448","33,430",2020-07-03 13:43:17
2020-06,7호선,479,먹골,"219,676","208,839","50,838","51,201",2020-07-03 13:43:17
2020-06,7호선,480,중화,"239,448","228,589","53,257","52,660",2020-07-03 13:43:17
2020-06,7호선,481,상봉(시외버스터미널),"391,333","367,015","58,005","55,288",2020-07-03 13:43:17
2020-06,7호선,482,면목,"334,756","317,614","78,441","81,187",2020-07-03 13:43:17
2020-06,7호선,483,사가정,"337,220","334,874","81,948","81,577",2020-07-03 13:43:17
2020-06,7호선,484,용마산(용마폭포공원),"130,111","120,004","29,686","32,657",2020-07-03 13:43:17
2020-06,7호선,485,중곡,"210,444","189,441","46,877","47,769",2020-07-03 13:43:17
2020-06,7호선,486,군자(능동),"319,848","245,836","60,080","52,515",2020-07-03 13:43:17
2020-06,7호선,487,어린이대공원(세종대),"270,761","266,293","31,895","31,490",2020-07-03 13:43:17
2020-06,7호선,488,건대입구,"284,215","306,129","42,162","38,101",2020-07-03 13:43:17
2020-06,7호선,489,뚝섬유원지,"227,332","219,894","35,503","36,080",2020-07-03 13:43:17
2020-06,7호선,490,청담,"444,870","509,704","58,965","56,809",2020-07-03 13:43:17
2020-06,7호선,491,강남구청,"362,887","413,419","38,755","39,045",2020-07-03 13:43:17
2020-06,7호선,492,학동,"534,951","583,623","49,250","46,155",2020-07-03 13:43:17
2020-06,7호선,493,논현,"466,253","519,215","43,719","42,904",2020-07-03 13:43:17
2020-06,7호선,494,반포,"134,090","130,444","28,755","27,126",2020-07-03 13:43:17
2020-06,7호선,495,고속터미널,"363,056","305,252","57,757","49,810",2020-07-03 13:43:17
2020-06,7호선,496,내방,"308,223","318,139","52,585","50,780",2020-07-03 13:43:17
2020-06,7호선,497,이수,"352,076","347,980","60,493","58,385",2020-07-03 13:43:17
2020-06,7호선,498,남성,"242,025","218,541","54,618","54,239",2020-07-03 13:43:17
2020-06,7호선,499,숭실대입구(살피재),"281,096","279,260","46,218","47,927",2020-07-03 13:43:17
2020-06,7호선,500,상도,"226,794","215,706","45,078","42,920",2020-07-03 13:43:17
2020-06,7호선,501,장승배기,"206,592","197,506","56,488","57,660",2020-07-03 13:43:17
2020-06,7호선,502,신대방삼거리,"361,740","336,335","69,890","70,572",2020-07-03 13:43:17
2020-06,7호선,503,보라매,"222,705","221,578","35,785","35,413",2020-07-03 13:43:17
2020-06,7호선,504,신풍,"236,287","219,897","50,330","51,048",2020-07-03 13:43:17
2020-06,7호선,505,대림(구로구청),"187,352","187,114","26,615","25,645",2020-07-03 13:43:17
2020-06,7호선,506,남구로,"352,398","374,502","47,304","47,509",2020-07-03 13:43:17
2020-06,7호선,507,가산디지털단지,"1,044,575","1,053,890","73,504","69,066",2020-07-03 13:43:17
2020-06,7호선,508,철산,"498,592","514,193","78,427","79,278",2020-07-03 13:43:17
2020-06,7호선,509,광명사거리,"496,276","480,509","119,383","122,622",2020-07-03 13:43:17
2020-06,7호선,510,천왕,"220,125","203,428","43,029","42,119",2020-07-03 13:43:17
2020-06,7호선,511,온수(성공회대입구),"242,832","226,318","31,880","30,526",2020-07-03 13:43:17
2020-06,7호선,512,까치울,"169,615","162,567","22,609","22,556",2020-07-03 13:43:17
2020-06,7호선,513,부천종합운동장,"100,253","84,339","15,060","14,944",2020-07-03 13:43:17
2020-06,7호선,514,춘의,"204,802","198,803","26,131","25,028",2020-07-03 13:43:17
2020-06,7호선,515,신중동,"315,366","315,328","40,808","39,327",2020-07-03 13:43:17
2020-06,7호선,516,부천시청,"262,820","257,668","40,794","39,320",2020-07-03 13:43:17
2020-06,7호선,517,상동,"280,249","288,919","36,350","36,613",2020-07-03 13:43:17
2020-06,7호선,518,삼산체육관,"100,407","88,609","17,659","17,143",2020-07-03 13:43:17
2020-06,7호선,519,굴포천,"191,544","199,143","26,258","27,270",2020-07-03 13:43:17
2020-06,7호선,520,부평구청,"266,834","214,733","23,812","20,618",2020-07-03 13:43:17
2020-06,8호선,521,암사,"408,265","349,810","83,746","83,029",2020-07-03 13:43:17
2020-06,8호선,522,천호(풍납토성),"362,030","434,167","70,491","67,265",2020-07-03 13:43:17
2020-06,8호선,523,강동구청,"212,545","224,030","51,169","51,713",2020-07-03 13:43:17
2020-06,8호선,524,몽촌토성(평화의문),"112,057","120,088","25,086","24,328",2020-07-03 13:43:17
2020-06,8호선,525,잠실(송파구청),"300,944","357,337","53,417","51,230",2020-07-03 13:43:17
2020-06,8호선,526,석촌,"155,179","184,020","38,796","41,643",2020-07-03 13:43:17
2020-06,8호선,527,송파,"188,222","176,658","45,244","44,223",2020-07-03 13:43:17
2020-06,8호선,528,가락시장,"151,222","177,543","49,524","51,240",2020-07-03 13:43:17
2020-06,8호선,529,문정,"468,730","492,002","48,110","47,650",2020-07-03 13:43:17
2020-06,8호선,530,장지,"393,172","378,036","61,273","58,038",2020-07-03 13:43:17
2020-06,8호선,531,복정,"237,687","202,137","36,357","34,073",2020-07-03 13:43:17
2020-06,8호선,532,산성,"119,908","114,577","27,797","30,827",2020-07-03 13:43:17
2020-06,8호선,533,남한산성입구(성남법원.검찰청),"300,091","268,301","63,930","61,209",2020-07-03 13:43:17
2020-06,8호선,534,단대오거리,"212,256","199,085","54,418","52,073",2020-07-03 13:43:17
2020-06,8호선,535,신흥,"86,354","92,946","33,298","34,984",2020-07-03 13:43:17
2020-06,8호선,536,수진,"97,161","85,987","33,590","33,075",2020-07-03 13:43:17
2020-06,8호선,537,모란,"75,270","59,694","43,704","32,526",2020-07-03 13:43:17
2020-06,9호선,594,개화,"52,945","37,896","11,918","9,808",2020-07-03 13:43:17
2020-06,9호선,595,김포공항,"184,130","252,057","14,693","16,688",2020-07-03 13:43:17
2020-06,9호선,596,공항시장,"54,190","58,654","19,226","20,698",2020-07-03 13:43:17
2020-06,9호선,597,신방화,"137,633","132,044","34,469","34,662",2020-07-03 13:43:17
2020-06,9호선,598,마곡나루(서울식물원),"239,321","240,728","20,073","19,521",2020-07-03 13:43:17
2020-06,9호선,599,양천향교,"193,874","199,481","34,798","34,896",2020-07-03 13:43:17
2020-06,9호선,600,가양,"424,994","410,307","101,969","99,387",2020-07-03 13:43:17
2020-06,9호선,601,증미,"141,946","140,343","33,478","34,101",2020-07-03 13:43:17
2020-06,9호선,602,등촌,"200,432","196,124","62,786","63,492",2020-07-03 13:43:17
2020-06,9호선,603,염창,"381,958","367,743","54,349","53,795",2020-07-03 13:43:17
2020-06,9호선,604,신목동,"83,811","74,156","15,524","14,539",2020-07-03 13:43:17
2020-06,9호선,605,선유도,"170,010","163,988","21,371","20,737",2020-07-03 13:43:17
2020-06,9호선,606,당산,"415,788","413,029","52,897","48,414",2020-07-03 13:43:17
2020-06,9호선,607,국회의사당,"357,841","365,156","40,126","35,199",2020-07-03 13:43:17
2020-06,9호선,608,여의도,"540,468","527,635","34,136","31,788",2020-07-03 13:43:17
2020-06,9호선,609,샛강,"113,371","119,919","19,547","19,432",2020-07-03 13:43:17
2020-06,9호선,610,노량진,"641,576","641,071","75,221","76,210",2020-07-03 13:43:17
2020-06,9호선,611,노들,"91,533","76,303","24,961","23,237",2020-07-03 13:43:17
2020-06,9호선,612,흑석(중앙대입구),"154,775","163,848","41,727","42,330",2020-07-03 13:43:17
2020-06,9호선,613,동작(현충원),"40,531","32,873","13,273","11,686",2020-07-03 13:43:17
2020-06,9호선,614,구반포,"53,466","57,113","17,743","17,786",2020-07-03 13:43:17
2020-06,9호선,615,신반포,"59,133","58,930","14,638","14,249",2020-07-03 13:43:17
2020-06,9호선,616,고속터미널,"278,363","370,325","42,412","48,546",2020-07-03 13:43:17
2020-06,9호선,617,사평,"63,298","60,988","13,702","13,721",2020-07-03 13:43:17
2020-06,9호선,618,신논현,"757,528","778,888","48,268","45,709",2020-07-03 13:43:17
2020-06,공항철도 1호선,632,서울역,"161,764","150,389","25,092","22,998",2020-07-03 13:43:17
2020-06,공항철도 1호선,633,공덕,"48,243","64,372","5,408","6,295",2020-07-03 13:43:17
2020-06,공항철도 1호선,634,홍대입구,"205,388","210,838","13,239","12,375",2020-07-03 13:43:17
2020-06,공항철도 1호선,635,디지털미디어시티,"300,333","272,867","18,583","17,333",2020-07-03 13:43:17
2020-06,공항철도 1호선,636,마곡나루(서울식물원),"176,203","161,574","8,387","8,262",2020-07-03 13:43:17
2020-06,공항철도 1호선,637,김포공항,"237,112","141,312","16,063","10,989",2020-07-03 13:43:17
2020-06,공항철도 1호선,638,계양,"217,926","198,349","20,529","19,358",2020-07-03 13:43:17
2020-06,공항철도 1호선,639,검암,"173,912","169,018","14,889","15,055",2020-07-03 13:43:17
2020-06,공항철도 1호선,640,청라국제도시,"150,178","141,860","8,834","8,833",2020-07-03 13:43:17
2020-06,공항철도 1호선,641,운서,"140,384","141,096","19,911","19,729",2020-07-03 13:43:17
2020-06,공항철도 1호선,642,공항화물청사,"52,218","57,299","7,919","7,912",2020-07-03 13:43:17
2020-06,공항철도 1호선,643,인천공항1터미널,"84,987","83,842","11,763","11,877",2020-07-03 13:43:17
2020-06,공항철도 1호선,644,인천공항2터미널,"43,800","40,518","4,899","4,453",2020-07-03 13:43:17
2020-06,공항철도 1호선,645,영종,"59,820","60,451","14,431","14,644",2020-07-03 13:43:17
2020-06,9호선2~3단계,619,언주,"216,384","217,706","21,476","20,965",2020-07-03 13:43:17
2020-06,9호선2~3단계,620,선정릉,"211,327","228,690","18,208","19,127",2020-07-03 13:43:17
2020-06,9호선2~3단계,621,삼성중앙,"144,640","150,997","17,640","17,344",2020-07-03 13:43:17
2020-06,9호선2~3단계,622,봉은사,"371,017","377,970","34,335","32,871",2020-07-03 13:43:17
2020-06,9호선2~3단계,623,종합운동장,"94,694","92,129","13,861","12,408",2020-07-03 13:43:17
2020-06,9호선2~3단계,624,삼전,"135,207","132,470","27,089","26,533",2020-07-03 13:43:17
2020-06,9호선2~3단계,625,석촌고분,"116,398","114,113","24,520","24,840",2020-07-03 13:43:17
2020-06,9호선2~3단계,626,석촌,"171,712","147,236","24,413","20,640",2020-07-03 13:43:17
2020-06,9호선2~3단계,627,송파나루,"89,161","96,881","19,638","20,453",2020-07-03 13:43:17
2020-06,9호선2~3단계,628,한성백제,"48,486","42,921","11,106","10,218",2020-07-03 13:43:17
2020-06,9호선2~3단계,629,올림픽공원(한국체대),"122,504","121,852","16,107","16,361",2020-07-03 13:43:17
2020-06,9호선2~3단계,630,둔촌오륜,"23,456","20,031","4,501","4,575",2020-07-03 13:43:17
2020-06,9호선2~3단계,631,중앙보훈병원,"181,072","156,495","63,157","62,460",2020-07-03 13:43:17
2020-06,우이신설선,689,북한산우이,"49,112","44,511","29,308","30,374",2020-07-03 13:43:17
2020-06,우이신설선,690,솔밭공원,"37,803","34,695","23,897","25,194",2020-07-03 13:43:17
2020-06,우이신설선,691,4.19민주묘지,"44,084","43,335","29,534","26,863",2020-07-03 13:43:17
2020-06,우이신설선,692,가오리,"66,589","62,129","36,744","38,540",2020-07-03 13:43:17
2020-06,우이신설선,693,화계,"52,144","45,460","32,063","32,365",2020-07-03 13:43:17
2020-06,우이신설선,694,삼양,"29,190","29,961","22,980","25,581",2020-07-03 13:43:17
2020-06,우이신설선,695,삼양사거리,"33,600","33,467","29,597","30,221",2020-07-03 13:43:17
2020-06,우이신설선,696,솔샘,"114,997","103,153","30,364","31,401",2020-07-03 13:43:17
2020-06,우이신설선,697,북한산보국문,"118,712","108,985","33,642","34,566",2020-07-03 13:43:17
2020-06,우이신설선,698,정릉,"76,643","69,264","37,361","35,664",2020-07-03 13:43:17
2020-06,우이신설선,699,성신여대입구(돈암),"56,403","69,095","23,925","23,303",2020-07-03 13:43:17
2020-06,우이신설선,700,보문,"26,516","26,745","12,873","13,153",2020-07-03 13:43:17
2020-06,우이신설선,701,신설동,"35,278","37,005","21,022","18,961",2020-07-03 13:43:17
